"Period","2005"
"January",63.2882072746695
"February",63.6288327174825
"March",63.6969578060451
"April",63.9013330717330
"May",64.1057083374208
"June",64.5144588687965
"July",64.9232094001722
"August",65.1957097544227
"September",65.2638348429853
"October",65.5363351972357
"November",65.9450857286114
"December",66.1494609942993
"Average",64.6790944994895
