"Period","1994"
"January",33.3131683071188
"February",33.7219188384945
"March",33.7219188384945
"April",33.9262941041823
"May",33.9944191927449
"June",34.1306693698702
"July",34.3350446355580
"August",34.4712948126833
"September",34.6075449898085
"October",34.6075449898085
"November",34.6075449898085
"December",34.8119202554963
"Average",34.1874402770057
